VideoFolderName,463,464,465,467,468,469,471,472,473,474,476,477,478,479,481,482,483,484,485,486,487,1000,1001,1002,1003,1004,1005,1006,1007,1008,1009,1010,1011,1012,1013,1014,1015,1016,1017,1018,1019,1020,1021,1022,1023,1024,1025,1026,1027,1028,1029,1030,1031,1032,1033,1034,1035,1036,1037,1038,1039,1040,1041,1042,1043,1044,1045,1046,1047,1048,1049,1050,1051,1052,1053,1054,1055,1056,1057,1058,1059,1060,1061,1062,1063,1064,1065,1066,1067,1068,1069,1070,1071,1072,1073,1074,1075,1076,1077,1078,1079,1080
vehicle_1000,0,0,0,0,0,0,0,0,0,0,0,0,0,0,0,0,0,0,0,0,0,0,0,0,0,0,0,0,0,0,0,0,0,0,0,0,0,0,0,0,0,0,0,0,0,0,0,0,0,0,0,0,0,0,0,0,0,0,0,0,0,0,0,0,0,0,0,0,0,0,0,0,0,0,0,0,0,0,0,0,0,0,0,0,0,0,0,0,0,0,0,0,0,0,0,0,0,0,0,0,0,0
vehicle_1022,0.754578412,0.826429089,0,0.727758646,0,0.649034162,0.847069383,0.7916933,0.700859487,0,0,0,0.568774402,0,0.830164611,0.793672621,0.768087864,0,0.793365479,0.713107288,0.64345336,0,0,0,0,0,0,0,0,0,0,0,0,0,0,0,0,0,0,0,0,0,0,0,0,0,0,0,0,0,0,0,0,0.764520824,0,0,0,0,0,0,0,0,0,0,0,0,0,0,0,0,0,0,0,0,0,0,0,0,0,0,0,0,0,0,0,0,0,0,0,0,0,0,0,0,0,0,0,0,0,0,0,0
vehicle_1024,0.712583125,0.797328194,0,0.776899338,0,0.708543658,0.793472528,0.798592091,0.770783544,0.76015842,0.715156406,0,0,0,0.840416789,0.710946719,0,0.684101701,0.623277396,0,0.607227683,0,0,0,0.657049805,0,0,0.705677172,0,0,0.723300636,0,0,0,0,0,0,0,0,0,0,0,0,0,0,0,0,0,0,0,0,0,0,0,0,0,0,0,0,0,0,0,0,0.695743084,0,0,0,0,0,0,0,0,0,0,0,0,0,0,0,0,0,0,0,0,0,0,0,0,0,0,0,0,0,0,0,0,0,0,0,0,0,0
vehicle_1026,0.65188688,0.837576965,0,0.697688341,0,0.692248493,0.774036258,0.753652722,0.703830808,0.762007296,0.708233913,0,0.715152323,0.780447006,0,0,0,0.750639141,0,0,0.802800238,0,0,0,0,0,0,0,0,0,0,0,0,0,0,0,0.726390779,0,0,0,0,0,0,0,0,0,0,0,0,0,0,0,0,0,0,0,0,0,0,0,0,0,0,0,0,0,0,0,0,0,0,0,0,0,0,0,0,0,0,0,0,0,0,0,0,0,0,0,0,0,0,0,0,0,0,0,0,0,0,0,0,0.781327724
vehicle_1028,0.554398894,0.578099966,0,0.534118235,0,0,0.829845846,0.575495183,0,0,0,0,0,0,0,0,0,0,0.518558621,0,0,0,0,0,0,0,0,0,0,0,0,0,0,0,0,0,0,0,0,0,0,0,0,0,0,0.707847655,0,0,0,0,0.676147938,0,0,0,0,0,0,0,0,0,0,0,0,0,0,0,0,0,0,0,0.604889154,0,0,0,0,0,0,0,0,0,0,0,0,0,0,0,0.586932153,0,0,0,0,0,0,0,0,0,0,0,0,0,0,0
vehicle_1030,0.734735727,0.801240444,0.630527198,0.504147649,0.784127861,0.689289987,0.644037604,0.590755224,0.77665782,0,0.790401181,0,0.739455819,0.724366546,0,0,0.720188936,0.705533504,0,0.640247107,0,0,0,0,0,0,0,0,0,0,0,0,0,0,0,0,0,0.641979516,0,0,0,0,0,0,0,0,0,0,0,0,0,0,0,0,0,0,0,0,0,0,0,0,0,0,0,0,0,0,0,0,0,0,0,0,0,0,0,0.796441317,0.515578568,0,0,0,0,0,0,0,0,0,0,0,0,0,0,0,0,0,0,0,0,0,0,0
vehicle_1057,0,0.78562969,0,0.647728026,0.766803473,0,0.601701816,0,0.701160073,0,0.791464011,0.717511793,0,0,0.773643096,0.735900303,0.772542099,0,0,0,0.593401492,0,0,0,0,0,0,0,0.71714884,0,0.788488954,0,0,0,0,0,0,0,0,0,0,0,0,0,0,0,0,0,0,0,0,0,0,0,0,0,0,0,0,0,0,0,0,0,0,0,0,0,0.727312406,0,0,0,0,0,0,0,0,0,0,0,0,0,0,0,0,0,0,0,0,0,0,0,0,0,0,0,0,0,0,0,0,0
vehicle_1059,0,0.805208445,0.78579843,0,0.721098304,0,0.743707716,0,0.749067396,0.79969725,0.744913677,0,0.744224687,0,0,0.747436106,0.830862314,0.753106455,0,0,0.605932444,0,0,0,0,0,0.702163319,0,0,0,0,0,0,0,0,0,0,0,0,0,0,0,0,0,0,0,0,0,0,0,0,0,0,0,0,0,0,0,0,0,0,0,0,0,0.669501603,0,0,0,0,0,0,0,0,0,0,0,0,0,0,0,0,0,0,0,0,0,0,0,0,0,0,0,0,0,0,0,0,0,0,0,0,0
vehicle_1061,0,0.792915682,0.730575293,0,0.796668609,0,0.799705714,0,0.776074231,0,0.736244112,0.781156937,0,0.736579865,0,0,0,0,0,0,0.804748207,0,0,0,0,0,0,0,0,0,0,0,0,0,0,0,0,0,0,0,0,0,0,0,0,0,0,0,0,0,0,0,0,0,0,0,0,0,0,0,0,0,0,0,0,0,0,0,0,0,0,0,0,0,0,0,0,0,0,0.708881179,0,0,0,0,0,0.740881364,0,0,0,0,0,0,0,0,0,0,0,0,0,0,0,0
vehicle_1063,0.618574083,0.816047033,0,0.824060321,0.710829794,0,0.839068919,0,0.698530614,0,0.766951591,0,0.72739025,0.755736232,0,0.637084931,0.763113618,0.692315082,0.778107315,0,0.737039566,0,0,0.743998528,0,0,0,0,0,0,0,0,0,0,0,0,0,0,0,0,0,0,0,0,0,0,0,0,0,0,0.707412302,0,0,0,0,0,0,0,0,0,0,0,0,0,0,0,0,0,0,0,0,0,0,0,0,0,0,0,0,0,0,0,0,0,0,0,0,0,0,0,0,0,0,0,0,0,0,0,0,0,0,0
vehicle_1065,0,0.687247992,0,0.756230563,0.804544151,0,0.65879488,0.790604512,0.833512902,0.705355525,0,0.726249218,0,0.7616449,0,0,0.774689883,0,0,0.753647486,0,0,0,0,0.680766384,0,0,0,0,0,0,0,0,0,0,0,0,0,0,0,0,0,0,0,0,0,0,0,0,0.540911704,0,0,0,0,0,0.698965689,0,0,0,0,0,0,0,0.758010765,0,0,0,0,0,0,0,0,0,0,0,0,0,0,0,0,0,0,0,0,0,0,0,0,0,0,0,0,0,0,0,0,0,0,0,0,0,0
vehicle_1067,0,0,0.70898658,0,0.761546522,0,0.620532542,0,0.697275579,0,0,0.791612903,0,0.731942515,0,0,0.783771336,0,0.768711229,0,0.819918871,0,0,0,0,0,0,0,0,0,0,0,0,0,0,0,0,0,0,0,0,0,0,0,0,0,0,0,0.574110607,0,0,0,0,0,0,0,0,0,0,0,0,0,0,0,0,0,0,0,0,0.653181314,0,0.656639437,0,0,0,0,0,0,0,0,0,0,0,0,0,0,0,0,0,0,0,0,0,0,0,0,0,0,0,0,0,0
vehicle_1551,0,0,0,0,0.777743638,0,0,0,0,0,0.793028295,0,0,0,0,0,0,0,0,0,0,0,0,0,0,0,0,0,0,0,0.645277524,0,0.702505271,0,0,0.624206245,0,0,0,0,0,0,0,0,0,0,0,0,0,0,0,0,0,0.749243088,0,0,0,0,0,0,0,0,0.591046929,0,0,0,0.674421862,0,0,0,0,0,0,0,0.552170634,0,0,0.804747164,0,0,0,0,0,0,0,0,0,0,0,0,0,0,0,0,0,0,0,0,0.696565347,0,0.688960016,0.606754065
vehicle_1553,0,0,0,0,0,0,0,0,0,0,0,0,0,0,0,0,0,0,0,0,0,0,0,0,0,0,0,0,0,0,0,0,0,0,0,0,0,0,0,0,0,0.628211319,0,0,0,0,0,0,0,0,0,0,0,0,0,0,0,0,0,0,0,0,0,0,0,0,0,0,0,0,0,0,0,0,0,0,0,0,0,0,0,0,0,0,0,0,0,0,0,0,0,0,0,0,0,0,0,0,0,0,0,0
vehicle_1555,0.677418096,0,0,0,0,0.551502407,0,0,0,0,0,0,0.57060653,0,0,0.52610594,0,0,0,0,0.590666413,0,0,0,0,0,0,0,0,0,0,0.590859294,0,0,0.568881482,0,0,0,0,0,0,0,0,0,0,0,0,0,0.584998707,0,0,0,0,0,0.601234615,0,0,0,0.595750988,0,0,0,0,0,0,0,0,0,0,0,0,0,0,0,0,0,0.558434625,0,0,0,0,0,0,0,0,0,0,0,0,0,0,0,0,0.606862605,0,0,0,0,0,0,0,0
vehicle_1557,0,0,0,0,0,0,0,0,0,0,0,0,0,0,0,0,0,0,0,0,0.617712498,0,0,0,0,0,0,0,0,0,0,0,0,0,0,0,0,0,0,0.615204096,0,0,0,0,0,0,0,0,0,0,0,0,0.565033078,0,0,0,0,0,0,0,0,0,0,0,0,0,0.610508263,0,0,0,0,0,0,0,0,0,0,0,0,0,0,0,0,0,0,0,0,0,0,0,0,0,0,0,0,0,0,0,0,0,0,0
vehicle_1559,0,0,0,0,0,0,0,0,0,0,0,0,0,0,0,0,0,0,0,0,0,0,0,0,0,0,0,0,0,0,0,0,0,0,0,0,0,0,0,0,0,0,0,0,0,0,0,0,0,0,0,0,0,0,0,0,0,0,0,0,0,0,0,0,0,0,0,0,0,0,0,0,0,0,0,0,0,0,0,0,0,0,0,0,0,0,0,0,0,0,0,0,0,0,0,0,0,0,0,0,0,0
vehicle_1561,0.726363003,0,0,0,0,0.558994472,0,0,0,0,0.579574823,0,0,0,0,0,0,0,0,0,0,0,0,0,0,0,0,0,0,0,0,0,0,0,0,0,0,0,0,0,0,0,0,0,0,0.537945405,0,0,0,0,0,0,0,0,0,0,0,0,0,0,0,0,0,0,0,0,0,0,0,0.623556256,0,0,0,0,0,0,0,0,0,0,0,0,0,0,0,0,0,0,0,0,0.528105736,0,0,0,0,0,0.569129586,0,0,0,0,0
vehicle_1563,0.652483324,0.590700686,0,0.574721396,0.608480859,0,0.657757103,0.718893588,0,0,0,0,0,0,0,0,0,0.603806347,0,0,0.573042721,0,0,0,0,0,0,0,0,0,0,0,0,0,0,0,0,0,0,0,0,0,0,0,0,0,0,0,0,0,0,0,0,0,0,0,0,0,0,0,0,0,0,0,0,0,0,0,0,0,0,0,0,0,0,0,0,0,0,0,0,0,0,0,0,0,0,0,0,0,0,0,0,0,0,0,0,0,0,0,0,0
vehicle_1565,0,0.533905089,0,0.685476735,0.619327346,0,0.614879029,0.677877883,0.676756072,0,0,0,0,0,0,0.544848084,0,0.583305031,0,0,0,0,0,0,0,0,0,0,0,0,0,0,0,0,0,0,0,0,0,0,0,0,0,0,0,0,0.59786135,0,0,0,0,0,0,0,0,0,0,0,0,0,0,0.689308971,0,0,0,0,0,0,0,0,0,0,0,0.56625545,0,0,0,0,0,0,0,0,0,0,0,0,0,0,0,0,0,0,0,0,0,0.530549288,0,0,0.663587451,0,0,0
vehicle_1567,0,0,0.738470003,0.561095536,0.593739092,0,0,0.639730915,0.74759528,0.548324406,0,0,0,0,0,0,0,0,0,0,0,0,0,0,0,0,0,0,0,0,0,0.552073061,0.708421422,0,0,0,0,0,0.532322347,0,0,0,0,0,0.681551022,0,0,0,0,0,0,0,0,0,0,0,0,0,0,0,0,0,0,0,0,0,0,0,0,0,0,0.551726699,0,0,0,0,0,0,0,0,0,0,0,0,0,0,0,0.502246976,0,0.740377565,0,0,0,0,0,0.62105,0,0.710717976,0,0.639242172,0.759580281,0
vehicle_1569,0,0,0.811396956,0,0.618690888,0,0.584663272,0.640271266,0.674890637,0,0,0,0,0,0,0,0,0.593549788,0,0,0,0,0,0,0,0,0,0,0,0,0.596516848,0,0,0,0,0,0,0.554542482,0,0,0,0,0,0.634989053,0,0.701540649,0,0,0.705587089,0,0,0,0,0.636162341,0,0,0,0.613108963,0,0,0,0,0.64372912,0,0,0,0,0.631079435,0,0,0,0,0,0,0.726612866,0,0,0,0,0,0.584615191,0,0,0,0,0,0,0,0,0,0,0.569804013,0,0,0.650082231,0,0,0.598639458,0,0,0,0
vehicle_1571,0.561149478,0,0,0,0,0,0.6547537,0,0.702836156,0,0,0,0,0,0,0,0,0.750724733,0,0,0,0,0,0,0,0,0,0,0,0.547794978,0,0,0,0,0,0.527133862,0.697914809,0,0,0,0,0,0,0,0,0,0,0,0,0,0,0,0,0,0,0,0,0.517721325,0,0,0,0,0,0,0,0,0,0,0.537975311,0.757758915,0,0,0.588074923,0,0,0,0,0,0,0,0,0.60079813,0,0,0,0.713830531,0,0,0,0,0.574258367,0,0,0,0,0,0,0,0,0,0,0
vehicle_1573,0.729566801,0,0,0,0,0.722922027,0,0.755169272,0,0.776110131,0.714315176,0,0.817902131,0,0,0,0,0,0,0,0,0,0,0,0,0,0,0,0,0,0,0,0,0,0,0,0,0,0,0,0,0,0,0.747876942,0,0,0,0,0,0,0.589159513,0,0,0,0.574920774,0,0,0,0,0,0,0,0,0.70596379,0.760095497,0.605887577,0,0,0,0,0,0,0,0,0,0,0,0,0,0,0,0,0,0,0,0,0,0,0,0,0,0,0,0,0,0,0,0,0,0,0,0
vehicle_1575,0,0.62586385,0,0,0,0.729772826,0,0.735537867,0,0,0.739507265,0,0,0,0,0,0,0,0,0,0,0,0,0,0,0,0.516605854,0,0.636638463,0,0,0,0,0.555539489,0,0,0,0,0,0,0,0,0,0,0,0,0,0,0,0,0.63932097,0,0,0,0,0,0,0,0,0,0,0,0,0,0.763118207,0,0,0,0,0,0,0.681841284,0,0.541993216,0,0,0.576091349,0.788498864,0,0,0,0.740167606,0,0.637607187,0,0,0,0,0.58886532,0,0,0,0,0,0,0.551793814,0,0,0.704512715,0.652305436,0.636557182,0
vehicle_1577,0,0.575817466,0,0,0,0,0,0,0,0,0,0,0,0,0,0,0,0,0,0,0,0,0,0,0,0,0,0,0,0,0,0,0,0,0,0,0,0,0,0,0,0,0,0,0,0,0,0,0,0,0,0,0,0,0,0,0,0,0,0,0,0,0,0,0,0,0,0,0,0,0,0.571564446,0,0,0,0,0,0,0,0,0,0,0.528832197,0,0.516897812,0,0,0,0,0,0,0,0,0,0,0,0,0,0,0,0,0.542171896
vehicle_1579,0.723218858,0.777263984,0.688204288,0.700463474,0.80366238,0.764888932,0.737583578,0,0.810760001,0.819146693,0.702943772,0,0,0,0.755688906,0,0,0.790270964,0.829707026,0.631935954,0.646769971,0,0,0,0.70379889,0,0,0,0,0,0,0,0.772497543,0,0,0,0,0,0,0,0,0,0.704208389,0,0,0,0,0,0,0,0,0,0,0.653328906,0,0,0,0.777118385,0,0.849609137,0,0,0,0,0,0,0,0,0,0,0,0,0,0,0,0,0,0,0.691256096,0,0,0,0,0,0,0.52336961,0,0,0,0.575456417,0,0,0.675781183,0.822228193,0,0,0,0,0,0,0,0
vehicle_1581,0,0.754398715,0.8400823,0,0.754228032,0.799175084,0.767567027,0.698508084,0,0.769692326,0,0,0.655881941,0,0,0,0.723779579,0.622390509,0.76313585,0,0.590536714,0,0,0,0,0,0,0.537806749,0,0,0,0,0,0,0,0.557563126,0.807727794,0,0,0,0.747410337,0,0,0,0.509638727,0,0,0,0,0,0,0,0,0,0,0,0,0,0,0,0,0,0.730855691,0,0.594801569,0.516348243,0,0,0,0,0,0,0,0,0,0,0,0,0,0,0,0,0,0,0,0,0,0,0,0,0,0,0,0,0,0,0,0,0,0,0,0
vehicle_1583,0,0.814938843,0.556856334,0,0.817532092,0.799531889,0.817788635,0.832858016,0,0.743606993,0.847548574,0,0,0,0.815773666,0,0.768577561,0.790692965,0.790127907,0.772898471,0.742610142,0,0,0,0,0,0,0,0,0,0,0,0,0,0,0,0,0,0,0,0,0,0,0,0,0,0,0,0,0,0.558230877,0,0.555090129,0,0,0,0,0,0,0,0,0,0,0,0,0,0,0,0,0,0,0,0,0,0,0,0.683365583,0.537193835,0.576935947,0,0,0,0,0,0,0,0,0,0,0,0,0,0.80563724,0,0.771174669,0,0,0.725053012,0,0,0,0
vehicle_1585,0,0.807124037,0.809008636,0.799337896,0,0.776685432,0.815875965,0.817724799,0,0.800406185,0.79173022,0.732972721,0,0,0,0.686557582,0.820711414,0,0.779696657,0,0,0,0,0,0,0,0,0,0,0,0,0,0.647316229,0,0,0,0.606226414,0,0,0,0,0.741493785,0,0,0,0,0.57592241,0,0.724529374,0,0,0,0,0,0.538063645,0,0,0,0,0,0.736336932,0,0,0,0.73173284,0,0,0.785841351,0.507762432,0.578930706,0,0,0,0,0,0.5263495,0,0,0,0.633816191,0,0,0,0,0,0,0.502653301,0,0,0,0.717091501,0,0,0,0,0,0,0,0,0,0,0
vehicle_1587,0.632505953,0,0.729881763,0.811723808,0,0.801551864,0.791506787,0.834115005,0,0.781258171,0.788596754,0,0.744328688,0,0.769550723,0,0.823147974,0,0.818294565,0,0.582581282,0,0,0,0,0,0,0,0,0,0,0,0,0.745632894,0,0,0,0,0,0,0,0.754995644,0,0,0,0,0,0,0,0.60241876,0,0,0.520131052,0,0,0,0,0,0,0,0,0,0.740684897,0,0,0,0,0,0,0,0,0,0,0,0.572847724,0.542779267,0,0,0,0,0,0,0.77419431,0,0,0,0,0,0,0.567709486,0,0,0,0.553254902,0,0,0,0,0,0,0,0
vehicle_1589,0,0.818826541,0.843125249,0.827638666,0,0.827488964,0.824706207,0.845317334,0,0.811775933,0.822688967,0.794804196,0,0.818311465,0,0.729874949,0.836490995,0,0.798842555,0,0,0,0,0,0,0,0,0,0,0,0,0,0,0,0.536147565,0,0,0,0,0,0,0,0.774322262,0,0,0,0,0,0,0,0,0,0,0,0,0,0,0,0,0.70858805,0,0,0,0,0.758678794,0,0,0.690137777,0,0,0,0,0,0.587223327,0,0,0,0,0,0,0,0,0,0.821388678,0,0,0,0,0,0,0,0,0,0,0,0.703217794,0,0,0,0,0,0
vehicle_1591,0,0,0,0.746443823,0,0,0.769214221,0,0,0,0,0,0,0,0,0,0,0,0,0,0,0,0,0,0,0,0,0,0.519333065,0,0,0,0,0,0.737092058,0,0.716930062,0,0,0,0,0,0,0,0,0,0,0.602679431,0,0.754204954,0,0,0,0,0,0.584249943,0,0,0.604290485,0,0,0,0.716718058,0,0,0,0,0,0,0,0,0,0,0,0,0,0,0,0,0,0,0,0,0,0,0,0,0,0.727892782,0,0,0,0,0,0,0,0,0,0,0,0,0
vehicle_1886,0,0,0,0.880191803,0,0.856357336,0,0,0,0,0.679009318,0,0,0,0,0.825991988,0,0,0,0,0,0,0,0,0,0,0,0,0,0,0,0,0,0,0,0,0,0,0,0,0,0,0,0,0,0,0,0,0,0,0,0,0,0,0,0,0,0,0,0,0,0,0,0,0,0,0,0,0,0,0,0,0,0,0,0,0,0,0,0,0,0,0,0,0,0,0,0,0,0,0,0,0,0,0.796000481,0,0,0,0,0,0,0
vehicle_1888,0,0,0,0.875273466,0,0,0,0,0,0,0,0,0,0,0,0.832741916,0,0,0,0,0.654320538,0,0,0,0,0,0,0.725819111,0,0,0,0,0,0,0,0,0,0,0,0,0,0,0,0,0,0,0,0,0,0,0,0,0,0,0,0,0,0,0,0,0,0,0,0,0,0,0,0,0,0,0,0,0,0,0,0.627177835,0,0,0,0,0,0,0,0,0,0,0,0,0,0,0,0,0,0,0,0,0,0,0,0,0,0
vehicle_1890,0,0,0,0.818346918,0,0.813965678,0,0.676091194,0,0,0,0,0,0,0,0,0,0.883432388,0,0,0.668944836,0,0,0,0,0,0,0,0,0,0,0,0,0,0,0,0,0.861209154,0,0,0,0,0,0,0,0,0,0,0,0,0,0,0,0,0,0,0,0,0,0,0,0,0,0,0,0,0,0,0,0,0,0,0,0,0,0,0,0,0,0,0,0,0,0,0,0,0,0.781872153,0,0,0,0,0,0,0,0,0,0,0,0,0,0
vehicle_1892,0,0.607638299,0,0.79191047,0.799468517,0,0,0.809961379,0,0,0,0,0,0,0,0,0,0,0,0.733237863,0.650216103,0,0,0,0,0.826977134,0,0,0,0,0,0,0,0,0,0,0,0,0,0,0,0,0,0,0,0,0,0.841306329,0,0,0,0,0,0,0,0,0,0,0,0,0,0,0,0,0,0,0,0,0,0,0,0,0,0,0,0,0,0,0,0,0,0,0,0,0,0,0,0,0,0,0,0,0,0,0,0,0,0,0,0,0,0
vehicle_1894,0,0,0,0,0.71755451,0,0.728370726,0.769737363,0,0.839277565,0,0,0,0,0,0,0,0,0,0,0.744103014,0,0,0,0,0,0,0,0,0,0,0,0,0,0,0,0,0,0,0,0,0,0,0,0,0,0,0,0,0,0,0,0,0,0,0,0,0,0,0,0.887364388,0,0,0,0,0,0,0,0,0,0,0,0,0,0,0,0,0,0,0,0,0,0,0,0,0,0,0,0,0,0,0,0,0,0,0,0,0,0,0,0,0
vehicle_1896,0,0,0,0,0,0,0,0.698668838,0,0.639681339,0,0.664033473,0.807104409,0,0,0.71619004,0.754859149,0,0,0.845580339,0.852408707,0,0.576522768,0,0,0,0,0,0,0,0,0,0,0,0,0,0,0,0,0,0,0,0,0.710383177,0,0,0,0,0,0,0,0,0,0,0,0,0,0,0,0,0.787057817,0,0,0,0,0,0,0,0,0,0.848987401,0,0,0,0,0,0,0,0,0,0,0,0,0,0,0,0,0,0,0,0,0,0,0,0,0,0.652020037,0,0,0,0,0
vehicle_1898,0,0,0.812273264,0,0.889032185,0,0.889158726,0.812710166,0,0.691576481,0,0,0,0,0.62579006,0,0,0,0,0,0,0,0,0,0.840820014,0,0,0,0,0.782343864,0,0,0,0,0,0,0,0,0,0,0.62148869,0,0,0,0,0,0,0,0,0,0,0,0,0,0,0,0,0,0,0,0.660747886,0,0,0,0,0,0,0.693243802,0,0,0,0,0,0,0,0,0,0,0,0,0,0,0,0,0,0,0,0,0.813393116,0,0,0,0,0,0.768565893,0,0.8790254,0,0,0,0,0
vehicle_1930,0.740186691,0,0.836058855,0.745958388,0,0.805955529,0,0.873255789,0,0,0,0,0,0,0,0,0,0,0,0,0,0,0,0,0,0,0,0,0,0,0,0,0,0,0,0,0,0,0,0,0,0.812132895,0,0,0,0,0,0,0,0,0,0,0,0,0,0,0,0,0,0,0,0,0,0,0,0,0,0,0,0,0,0,0,0,0,0,0,0,0,0,0,0,0,0,0,0,0,0,0,0,0,0,0,0,0,0,0,0,0,0,0,0
vehicle_1932,0.743065298,0,0.837693214,0.749026,0,0,0,0,0.865377128,0,0.850539207,0,0.81072855,0,0,0,0,0,0,0,0.618458986,0,0,0,0,0,0,0,0,0,0,0,0,0.72866106,0,0,0,0,0.649099469,0,0,0,0,0,0,0,0,0,0,0,0,0,0,0,0,0,0,0,0,0,0,0,0,0,0,0,0,0,0,0,0,0,0,0,0,0,0,0,0,0,0,0,0,0,0,0,0,0,0,0,0,0,0,0,0,0,0,0,0,0,0,0
vehicle_1934,0,0.890782177,0,0.8739416,0,0,0,0,0.876369655,0,0,0,0,0,0,0,0,0,0,0.710059106,0.562480748,0,0,0,0,0,0,0,0,0,0,0,0,0,0,0,0,0,0,0,0,0,0,0,0,0,0,0,0,0,0,0,0,0,0,0,0,0,0,0,0,0,0,0,0,0,0,0,0,0.618787229,0,0,0,0,0,0,0,0,0,0,0,0,0,0,0,0,0,0,0,0,0,0,0,0,0,0,0,0,0,0,0,0
vehicle_1936,0.788137913,0,0,0,0.652665019,0,0.854062498,0,0,0.865408361,0,0.853630245,0,0,0,0,0,0,0,0,0.562780142,0,0,0,0,0,0,0,0,0,0,0,0,0,0,0,0,0,0.8416152,0,0,0,0,0,0,0,0,0,0,0,0,0,0,0,0,0,0,0,0,0,0,0,0,0,0,0,0,0,0,0,0,0,0,0,0,0,0,0,0,0,0,0,0,0,0,0,0,0,0,0,0,0,0,0,0,0,0,0,0,0,0,0
vehicle_1938,0,0,0,0.725894332,0.757716238,0,0.858613849,0.783800602,0.785627663,0,0,0,0.537655771,0,0,0,0,0,0,0.677290797,0.741095424,0.608210683,0,0,0,0,0,0,0,0,0,0,0,0,0,0,0,0,0,0,0,0,0,0,0,0,0,0,0,0,0,0,0.518081486,0,0,0,0,0,0,0,0,0,0,0,0,0,0,0,0,0,0,0,0,0,0,0,0,0,0,0,0,0,0,0,0,0,0,0,0,0,0,0,0,0,0,0,0,0,0,0,0,0
vehicle_1940,0,0,0.73359108,0,0.799728572,0,0.7703951,0,0.828681767,0,0.861006379,0,0,0.841182053,0,0,0,0,0.846411109,0,0.721657753,0,0,0,0,0,0.828036964,0,0,0,0,0,0,0,0,0,0,0,0,0,0,0,0,0.707849801,0,0,0,0,0,0,0,0,0,0,0,0,0,0,0,0,0,0,0,0,0,0,0,0,0,0.759735584,0,0,0,0,0,0,0,0,0,0,0,0,0,0.690587044,0,0,0,0,0,0.684346974,0,0,0,0,0,0,0,0,0,0,0,0
vehicle_1942,0,0,0,0.785720468,0,0,0.707471311,0.816863179,0,0.722374141,0,0,0,0,0.779692113,0,0,0,0,0,0,0,0,0,0,0,0,0,0,0,0,0,0,0,0,0,0,0,0,0,0,0,0,0,0,0,0,0.727533638,0,0,0,0,0,0,0,0.713002145,0,0,0,0,0,0,0,0,0,0,0,0,0,0,0,0,0,0,0,0,0,0.840624392,0,0.801673174,0.646435797,0,0,0,0,0,0,0,0,0,0.837155282,0,0,0,0,0,0,0,0,0,0,0
vehicle_1974,0,0.710334659,0.864996493,0,0.825915635,0,0.639258444,0,0,0,0,0,0,0,0,0,0,0,0,0.775454521,0,0,0,0,0,0,0,0,0,0,0,0,0,0,0,0,0,0,0,0,0,0,0,0,0,0,0,0,0,0,0,0,0,0,0,0,0,0,0,0,0,0,0,0,0,0,0,0,0,0,0,0,0,0,0,0,0,0,0,0,0,0,0,0,0,0,0,0,0,0,0,0,0,0,0,0,0,0,0,0,0,0
vehicle_1976,0,0,0,0,0,0,0,0,0,0,0,0,0,0,0,0,0,0,0,0,0,0,0,0,0,0,0,0,0,0,0,0,0,0,0,0,0,0,0,0,0,0,0,0,0,0,0,0,0,0,0,0,0,0,0,0,0,0,0,0,0,0,0,0,0,0,0,0,0,0,0,0,0,0,0,0,0,0,0,0,0,0,0,0,0,0,0,0,0,0,0,0,0,0,0,0,0,0,0,0,0,0
vehicle_1978,0,0,0,0,0.781113684,0,0,0,0,0,0.544848502,0,0.58704865,0,0,0,0,0,0.646186769,0,0.799989402,0,0,0,0,0,0,0,0,0,0,0,0,0,0,0,0,0,0,0,0,0,0,0,0,0,0,0,0,0,0,0,0,0,0,0,0,0,0,0,0,0,0,0,0,0,0,0,0,0,0,0,0,0,0,0,0,0,0,0,0,0,0,0,0,0,0,0,0,0,0,0,0,0,0,0,0,0,0,0,0,0
vehicle_1980,0.685565948,0,0.841426134,0,0.776828527,0,0.779950619,0,0.656428695,0,0.764834821,0.569589496,0,0,0,0,0.684012473,0,0,0.797652423,0.637863934,0,0,0,0,0,0,0,0,0,0,0,0,0,0,0,0,0,0,0,0,0,0,0,0,0.70233506,0,0,0,0,0,0,0,0,0,0,0,0,0,0,0,0,0,0,0,0,0,0,0,0,0,0,0,0,0,0,0,0,0,0,0,0,0,0,0,0,0,0,0,0,0,0,0,0,0,0,0,0,0,0,0,0
vehicle_1982,0,0.714746118,0,0.659721196,0.536791265,0,0.858755648,0,0.86394453,0,0,0.687111974,0,0,0,0,0,0,0,0,0.812365174,0,0,0,0,0,0,0,0.715035856,0,0,0,0,0,0,0,0,0,0.774227202,0.62188375,0,0,0,0,0,0,0,0,0,0,0,0,0,0,0,0.874344468,0,0,0,0,0,0,0,0,0,0,0,0,0,0,0,0,0,0,0,0,0,0,0,0,0,0,0,0,0,0,0,0,0,0,0,0,0,0,0,0.866805732,0,0,0,0,0,0
vehicle_1984,0,0,0.879185855,0,0,0.738812268,0,0.61819011,0,0.840492725,0,0,0,0.74029541,0,0,0.833445072,0,0,0,0.716897905,0,0,0,0,0,0.659448564,0,0,0,0.812457383,0,0,0,0,0,0,0,0,0,0.572252691,0,0,0.572879791,0,0,0,0,0,0,0,0,0,0,0,0,0.778090715,0,0,0,0,0,0,0,0,0,0,0,0,0,0,0,0,0,0,0,0,0.608130515,0,0,0,0,0,0.523553967,0,0,0,0,0,0,0,0,0,0,0.731203735,0,0,0,0,0,0,0
vehicle_2016,0.761448622,0.827914715,0,0.802815795,0,0,0.748849273,0,0.669685006,0.512278438,0,0.61067313,0,0,0,0,0,0,0,0.558262408,0.788406372,0,0,0,0,0,0,0,0,0,0,0,0,0,0,0,0,0,0,0,0,0,0,0,0,0,0,0,0,0,0,0,0,0,0,0,0,0,0,0,0,0,0,0,0,0,0,0,0,0,0,0,0,0,0,0,0,0,0,0,0,0,0,0,0,0,0,0,0,0,0,0,0,0,0,0,0,0,0,0,0,0
vehicle_2018,0.780651748,0.828664005,0,0.768400431,0,0,0.707261384,0,0.830898285,0.554103255,0,0.614182293,0,0,0.826668262,0.829420507,0,0,0,0,0.680770457,0,0,0,0,0,0,0,0,0,0,0,0,0,0,0,0,0,0,0,0,0,0,0,0,0,0,0,0,0,0,0,0,0,0,0,0,0,0,0,0,0,0,0,0,0,0,0,0,0,0,0,0,0,0,0,0,0,0,0,0,0,0,0,0,0,0,0,0,0,0,0,0,0,0,0,0,0,0,0,0,0
vehicle_2020,0,0,0,0,0,0,0,0,0,0,0,0,0.734377623,0,0,0.655933142,0,0,0.670587659,0,0.675460935,0,0,0,0,0,0,0,0,0,0,0,0,0,0,0,0,0,0,0,0,0,0,0,0,0,0,0,0,0,0,0,0,0,0.716429055,0,0,0,0,0,0,0,0,0,0,0,0,0,0,0,0,0,0,0,0,0,0,0,0,0,0,0,0,0,0,0,0,0,0,0,0,0,0,0,0,0,0,0,0,0,0,0
vehicle_2022,0.754930317,0,0.785653114,0.853274822,0,0,0.810361743,0,0,0,0,0,0,0,0,0,0,0,0,0,0.80089879,0,0,0,0,0,0,0,0,0,0,0,0,0,0,0,0,0,0,0,0,0,0,0,0,0,0,0,0,0,0,0,0,0,0,0,0,0,0,0,0,0,0,0,0,0,0,0,0,0,0,0,0,0,0,0,0,0,0,0,0,0,0,0,0,0,0,0,0,0,0,0,0,0,0,0,0,0,0,0,0,0
vehicle_2024,0,0,0,0.829732895,0,0,0.806281626,0.513577938,0.658037186,0,0,0.806719959,0.738231599,0,0,0,0,0.869244635,0,0,0.717081606,0,0,0,0,0,0,0,0,0,0,0,0,0,0,0,0,0,0,0,0,0,0,0,0,0.534682631,0,0,0,0,0,0,0,0,0,0,0,0,0,0,0,0,0,0,0,0,0,0,0,0,0,0,0,0,0,0,0,0,0,0,0,0,0,0,0,0,0,0,0,0,0,0,0,0,0,0,0,0,0,0,0,0
vehicle_2026,0,0.830029011,0,0.837213814,0,0,0,0.790534496,0,0,0.779271901,0,0,0,0,0,0,0,0.665382445,0.747241735,0.710631013,0,0,0,0,0,0,0,0,0,0,0,0,0,0,0,0,0,0,0,0,0,0,0,0,0,0,0,0,0,0,0.662748814,0,0,0,0,0,0,0,0,0,0,0,0,0,0,0,0,0,0,0,0,0,0,0,0,0,0,0,0,0,0,0,0.781226039,0,0,0,0,0.854002714,0,0,0,0,0.677721381,0,0,0,0,0,0,0,0
vehicle_2028,0,0.848317444,0,0.686256349,0,0,0.750572145,0,0.856345236,0,0.770495594,0,0,0,0,0.72398752,0,0,0,0,0.702192396,0,0,0,0,0,0,0,0,0,0,0,0,0,0,0,0,0,0,0,0,0,0,0,0,0,0,0,0,0,0,0,0,0,0,0,0,0,0,0.857783854,0,0,0,0.850565791,0,0,0,0,0,0,0,0,0,0,0,0.830909848,0,0,0,0,0,0,0,0,0,0,0,0,0,0,0,0,0,0,0,0,0,0,0,0,0,0
vehicle_2030,0,0.835513055,0,0.813640237,0,0,0,0.599362493,0,0,0,0,0,0,0.765067577,0,0,0,0,0,0,0,0,0,0,0,0,0,0,0,0,0,0,0.864803314,0,0,0,0.594591737,0,0,0,0.762687624,0,0,0,0,0,0,0,0,0.594456613,0,0,0,0,0,0,0,0,0,0,0.721259236,0,0,0.74109447,0,0,0,0,0,0,0,0,0,0,0,0,0,0,0,0,0,0.845281005,0,0,0,0.74464637,0,0,0,0,0,0,0,0.624181211,0,0,0,0,0,0,0
vehicle_919,0.588023305,0.703481158,0.790517668,0.754615873,0.760854582,0,0.770278394,0.772894651,0.665012598,0.838376939,0,0.665417552,0,0,0.861246824,0,0,0,0.714384794,0,0.580551684,0,0,0,0,0,0,0,0,0,0,0,0,0,0,0,0,0,0,0,0,0,0,0,0,0,0,0,0,0,0,0,0,0,0,0,0,0.808297545,0,0,0,0,0,0,0,0,0,0,0,0,0,0,0,0,0,0,0,0.696869989,0.572897077,0,0,0,0,0.757200221,0,0,0.672603935,0,0,0,0,0,0,0,0.572553188,0,0,0,0,0,0,0
vehicle_921,0,0,0.775105794,0.856531799,0,0.795260906,0.857771754,0.749742389,0.834547698,0.877432883,0,0.556544781,0.868372619,0.776535769,0,0,0,0,0,0,0.545111358,0,0,0,0,0,0,0,0,0,0,0.629297733,0,0,0,0,0,0,0,0,0,0,0,0,0,0,0,0,0,0,0,0,0,0,0,0,0,0,0,0,0,0,0,0,0,0,0,0,0,0,0,0,0,0.664799094,0,0,0,0,0,0,0.653351903,0,0,0,0,0,0,0,0,0,0,0,0,0,0,0,0,0,0,0,0,0
vehicle_923,0,0.752814263,0.764579217,0.705696007,0.781663388,0,0.739437759,0.701599896,0,0.800709248,0,0.680829436,0,0.745801359,0,0.665245155,0.757720113,0,0,0.751025677,0,0,0,0,0,0,0,0,0,0,0,0,0,0,0,0,0,0,0,0,0,0,0,0,0,0,0,0,0.58029139,0,0,0,0,0,0,0,0,0,0,0,0,0,0,0,0,0,0,0,0,0,0,0.570920289,0.701822042,0,0,0,0,0,0,0,0,0,0,0,0,0,0,0,0,0,0,0,0,0,0,0,0,0,0,0,0,0
vehicle_925,0,0.794223805,0.847589254,0.742254198,0,0.882773638,0.722733945,0.736193299,0.772375226,0.702637136,0,0.58043915,0.589556485,0.841786444,0,0,0,0.819305062,0.873678982,0,0.697229743,0,0,0,0,0,0,0,0,0,0,0,0,0,0,0,0,0,0,0,0,0,0,0,0.70849359,0,0,0,0,0,0,0,0,0,0,0,0,0,0,0,0,0,0,0,0.675323248,0,0,0,0,0,0,0,0,0,0,0,0,0,0,0,0,0,0,0,0,0,0,0,0,0,0,0,0,0,0,0.713206649,0,0,0,0,0,0
vehicle_957,0.668760329,0.779208094,0,0,0.790555676,0,0,0.768565277,0.820720553,0.840748608,0,0.75006336,0,0.723580599,0,0.648113569,0.846891314,0,0,0.732587457,0.638762236,0,0,0,0,0,0,0,0,0,0,0,0,0,0,0,0,0,0,0,0.757790476,0,0,0,0,0,0,0,0,0,0,0,0,0,0,0,0,0,0,0,0,0,0,0,0,0,0,0,0,0,0,0,0,0,0,0,0,0,0,0,0,0,0,0,0,0,0,0,0,0,0,0,0,0,0,0,0,0,0,0.719285627,0,0
vehicle_959,0.862196743,0.716218323,0,0.779473364,0.801479499,0,0,0.892592251,0.784277876,0.829106688,0,0.695529521,0,0,0.679353595,0.664583047,0.786398987,0,0,0,0.632504106,0,0,0,0,0,0,0,0,0,0,0,0,0,0,0,0,0,0,0,0,0,0,0,0,0,0,0,0,0,0.707319101,0,0,0,0,0,0,0,0,0,0,0,0,0,0,0,0,0,0,0,0,0,0,0,0,0,0,0,0,0,0,0,0,0,0,0.744703352,0,0,0.677266677,0,0,0,0,0.762583454,0,0,0,0,0,0,0,0
vehicle_961,0.748489857,0,0.656989634,0.758128206,0,0,0,0.794901401,0.860798597,0.790275067,0.834012985,0.765686373,0,0.786108077,0,0.780099154,0.75308456,0,0,0,0.621082008,0,0,0,0,0,0,0,0,0,0,0,0,0.766922534,0,0,0.786942899,0,0,0,0,0,0.722348928,0,0,0,0,0,0,0,0,0,0,0,0,0,0,0,0,0,0,0,0,0,0,0,0,0,0,0,0,0,0,0,0,0,0,0,0,0,0,0,0,0,0,0,0,0,0,0,0,0,0,0,0,0,0,0,0,0,0,0
vehicle_963,0,0,0.59871906,0.700233857,0.732612312,0,0.751937469,0,0.782517493,0,0.675243735,0,0.836993098,0.724958122,0,0.701937795,0.780179471,0,0,0,0.710072786,0,0,0,0,0,0,0,0,0,0,0,0.7584276,0,0,0,0,0,0,0,0,0,0,0,0,0,0,0,0,0,0,0,0,0,0,0,0,0,0,0,0,0,0,0,0,0,0,0,0,0,0,0,0,0,0,0,0,0,0,0,0,0,0,0,0,0,0,0,0.647553742,0,0,0,0,0,0,0,0,0,0,0,0.621447593,0
vehicle_965,0.774486482,0.690931708,0,0.774601996,0.769648999,0,0,0.779437979,0.779618581,0.720080137,0.75083673,0.756894648,0,0,0,0.81809479,0.765049756,0,0,0,0.747722775,0,0,0,0,0,0,0,0,0,0,0.502382934,0,0,0.75274841,0,0,0,0,0,0,0,0,0,0,0,0,0,0,0,0,0,0,0,0,0,0,0,0,0,0,0,0,0,0,0,0,0,0,0,0,0,0,0,0,0,0,0,0,0,0,0,0,0,0,0.71328029,0,0,0,0,0,0,0,0,0,0,0,0,0,0.785518676,0,0
vehicle_967,0.808512211,0,0.808024019,0.553385019,0,0.829653859,0,0.705355048,0.802820563,0,0.736666381,0.7411321,0,0,0.840407431,0.839583099,0.676503211,0,0,0.871493042,0.637116104,0,0,0,0,0.732260436,0,0,0,0,0,0,0,0,0,0,0,0,0,0,0,0,0,0,0,0,0,0,0,0,0,0,0,0,0.783141911,0,0.694505483,0,0,0,0,0,0,0,0,0,0,0,0,0,0,0,0,0,0,0,0,0,0,0,0,0,0,0,0,0,0,0,0,0,0,0,0,0,0,0,0,0,0,0,0,0
vehicle_994,0,0,0,0,0,0,0,0,0,0,0,0,0,0,0,0,0,0,0,0,0,0,0,0,0,0,0,0,0,0,0,0,0,0,0,0,0,0,0,0,0,0,0,0,0,0,0,0,0,0,0,0,0,0,0,0,0,0,0,0,0,0,0,0,0,0,0,0,0,0,0,0,0,0,0,0,0,0,0,0,0,0,0,0,0,0,0,0,0,0,0,0,0,0,0,0,0,0,0,0,0,0
vehicle_996,0,0,0,0,0,0,0,0,0,0,0,0,0,0,0,0,0,0,0,0,0,0,0,0,0,0,0,0,0,0,0,0,0,0,0,0,0,0,0,0,0,0,0,0,0,0,0,0,0,0,0,0,0,0,0,0,0,0,0,0,0,0,0,0,0,0,0,0,0,0,0,0,0,0,0,0,0,0,0,0,0,0,0,0,0,0,0,0,0,0,0,0,0,0,0,0,0,0,0,0,0,0
